"Отметка времени","Ваш пол?","Ваш возраст?  (укажите полное число лет)","Достаточно ли вы заботитесь о своем здоровье?","Что, по Вашему мнению, можно отнести к выражению «здоровый образ жизни»?","Считаете ли Вы необходимым придерживаться принципов здорового образа жизни?","Если Вы считаете необходимым придерживаться принципов здорового образа жизни, что этому мешает ?","Дайте оценку состоянию вашего здоровья.","Часто ли Вы посещаете врача?","Как вы проводите свое свободное время?","Употребляете ли вы алкоголь?","Употребляете ли вы сигареты?","Как влияют алкоголь и табак на здоровье человека?","Придерживаетесь ли Вы здорового рациона и режима питания?","Занимаетесь ли Вы спортом?","Любите ли вы гулять?","Как часто вы гуляете?","Делаете зарядку по утрам?","Часто ли Вы подвержены стрессам?","Как частно вы сидите за компьютером? ","Сколько времени вы тратите используя компьютер\телефон в день?"
"2021/05/18 4:23:57 PM GMT+3","Мужской","11 лет","Недостаточно","Умение справляться со своими эмоциями, гармония с собой;Широкий круг интересов, богатая духовная жизнь, наличие хобби (спортивные секции, музыкальная школа, кружки и тп)","Считаю, что это важно, но не главное в жизни","недостаток времени","Удовлетворительное","2-3 раза в год","Гуляю со своими друзьями","Да","Да","Улучшают","Иногда","Иногда","Да","Каждый день","Вариант 4","Время от времени","Часто","2 часа-3 часа"
"2021/05/18 4:25:56 PM GMT+3","Женский","13 лет","Недостаточно","Регулярное посещение врача с целью профилактики;Доброжелательные отношения с другими людьми;Умение справляться со своими эмоциями, гармония с собой;Интерес к информации о здоровом образе жизни;Широкий круг интересов, богатая духовная жизнь, наличие хобби (спортивные секции, музыкальная школа, кружки и тп)","Считаю, что это важно, но не главное в жизни","отсутствие необходимого упорства, воли, настойчивости","Удовлетворительное","Редко","Смотрю телевизор","Да","Да","Ухудшают","Иногда","Иногда","Да","Каждый день","Иногда","Да","Очень часто","3 часа и более"
"2021/05/18 4:26:14 PM GMT+3","Женский","13 лет","Вполне достаточно","Интерес к информации о здоровом образе жизни;Широкий круг интересов, богатая духовная жизнь, наличие хобби (спортивные секции, музыкальная школа, кружки и тп)","Считаю, что это важно, но не главное в жизни","материальные трудности","Отличное","Редко","Гуляю с другом","Нет","Нет","Ухудшают","Иногда","Не занимаюсь","Да","5 раз в неделю","Нет","Время от времени","Не сижу вообще","3 часа и более"
"2021/05/18 4:27:32 PM GMT+3","Женский","11 лет","Недостаточно","Регулярное посещение врача с целью профилактики;Интерес к информации о здоровом образе жизни","Считаю, что это важно, но не главное в жизни","отсутствие необходимого упорства, воли, настойчивости","Хорошее","Прохожу ежегодный медосмотр","Гуляю с другом","Да","Нет","Ухудшают","Иногда","Иногда","Да","Каждый день","Нет","Время от времени","Часто","3 часа и более"
"2021/05/18 4:28:14 PM GMT+3","Женский","12 лет","Вполне достаточно","Регулярное посещение врача с целью профилактики;Умение справляться со своими эмоциями, гармония с собой;Интерес к информации о здоровом образе жизни","Считаю, что это важно, но не главное в жизни","недостаток времени","Отличное","Прохожу ежегодный медосмотр","Читаю книги","Нет","Нет","Ухудшают","Иногда","Занимаюсь регулярно (2-3 раза в неделю)","Да","Каждый день","Иногда","Время от времени","Часто","1 час- 2 часа"
"2021/05/18 4:28:55 PM GMT+3","Женский","14 лет","Недостаточно","Интерес к информации о здоровом образе жизни","Считаю, что это важно, но не главное в жизни","недостаток времени","Удовлетворительное","2-3 раза в год","Гуляю с другом","Нет","Нет","Ухудшают","Нет","Иногда","Да","4 раза в неделю","Нет","Да","Не часто","3 часа и более"
"2021/05/18 4:29:53 PM GMT+3","Женский","12 лет","Затрудняюсь ответить","Регулярное посещение врача с целью профилактики;Интерес к информации о здоровом образе жизни","Считаю, что это важно, но не главное в жизни","отсутствие необходимого упорства, воли, настойчивости","Удовлетворительное","2-3 раза в год","Гуляю с другом","Нет","Нет","Не влияют","Нет","Иногда","Да","3 раза в неделю","Нет","Время от времени","Очень часто","3 часа и более"
"2021/05/18 4:33:56 PM GMT+3","Мужской","12 лет","Вполне достаточно","Регулярное посещение врача с целью профилактики;Интерес к информации о здоровом образе жизни;Широкий круг интересов, богатая духовная жизнь, наличие хобби (спортивные секции, музыкальная школа, кружки и тп)","Считаю, что это необходимо","материальные трудности","Хорошее","2-3 раза в год","Гуляю с другом","Да","Нет","Ухудшают","Иногда","Занимаюсь регулярно (2-3 раза в неделю)","Да","2 раза в неделю","Да","Время от времени","Часто","3 часа и более"
"2021/05/18 4:34:37 PM GMT+3","Мужской","13 лет","Затрудняюсь ответить","Регулярное посещение врача с целью профилактики;Интерес к информации о здоровом образе жизни;Широкий круг интересов, богатая духовная жизнь, наличие хобби (спортивные секции, музыкальная школа, кружки и тп)","Считаю, что это важно, но не главное в жизни","отсутствие необходимого упорства, воли, настойчивости","Хорошее","Прохожу ежегодный медосмотр","Гуляю с другом","Да","Нет","Ухудшают","Иногда","Занимаюсь регулярно (2-3 раза в неделю)","Да","3 раза в неделю","Нет","Время от времени","Часто","3 часа и более"
"2021/05/18 4:36:37 PM GMT+3","Мужской","14 лет","Вполне достаточно","Регулярное посещение врача с целью профилактики;Интерес к информации о здоровом образе жизни","Считаю, что это необходимо","отсутствие условий","Хорошее","Редко","Смотрю телевизор","Да","Нет","Ухудшают","Нет","Иногда","Да","4 раза в неделю","Нет","Время от времени","Часто","1 час- 2 часа"
"2021/05/18 4:40:57 PM GMT+3","Мужской","11 лет","Вполне достаточно","Регулярное посещение врача с целью профилактики;Доброжелательные отношения с другими людьми;Умение справляться со своими эмоциями, гармония с собой","Считаю, что это необходимо","недостаток времени","Хорошее","Прохожу ежегодный медосмотр","Хожу в кино, в театр","Нет","Да","Ухудшают","Иногда","Иногда","Да","Каждый день","Нет","Время от времени","Очень часто","3 часа и более"
"2021/05/18 4:44:06 PM GMT+3","Мужской","12 лет","Вполне достаточно","Доброжелательные отношения с другими людьми;Интерес к информации о здоровом образе жизни","Считаю, что это необходимо","недостаток времени","Отличное","Редко","Смотрю телевизор","Нет","Нет","Затрудняюсь ответить","Нет","Занимаюсь регулярно (2-3 раза в неделю)","Да","Каждый день","Нет","Время от времени","Часто","2 часа-3 часа"
"2021/05/18 4:48:12 PM GMT+3","Мужской","14 лет","Недостаточно","Регулярное посещение врача с целью профилактики;Доброжелательные отношения с другими людьми;Интерес к информации о здоровом образе жизни","Считаю, что это важно, но не главное в жизни","недостаток времени","Удовлетворительное","2-3 раза в год","Гуляю с другом","Нет","Нет","Ухудшают","Нет","Занимаюсь регулярно (2-3 раза в неделю)","Да","5 раз в неделю","Да","Нет","Очень часто","3 часа и более"
"2021/05/18 4:49:57 PM GMT+3","Мужской","14 лет","Недостаточно","Регулярное посещение врача с целью профилактики;Доброжелательные отношения с другими людьми","Считаю, что это важно, но не главное в жизни","недостаток времени","Удовлетворительное","2-3 раза в год","Смотрю телевизор","Нет","Нет","Ухудшают","Иногда","Занимаюсь регулярно (2-3 раза в неделю)","Да","Каждый день","Иногда","Время от времени","Часто","2 часа-3 часа"
"2021/05/18 4:50:45 PM GMT+3","Женский","14 лет","Недостаточно","Регулярное посещение врача с целью профилактики;Широкий круг интересов, богатая духовная жизнь, наличие хобби (спортивные секции, музыкальная школа, кружки и тп)","Считаю, что это необходимо","отсутствие необходимого упорства, воли, настойчивости","Плохое","Прохожу ежегодный медосмотр","Гуляю с другом","Да","Нет","Ухудшают","Да","Иногда","Да","5 раз в неделю","Да","Время от времени","Часто","2 часа-3 часа"
"2021/05/18 4:52:43 PM GMT+3","Мужской","14 лет","Вполне достаточно","Умение справляться со своими эмоциями, гармония с собой;Широкий круг интересов, богатая духовная жизнь, наличие хобби (спортивные секции, музыкальная школа, кружки и тп)","Считаю, что это необходимо","ничего не мешает","Отличное","2-3 раза в год","Читаю книги","Нет","Нет","Ухудшают","Да","Занимаюсь регулярно (2-3 раза в неделю)","Да","5 раз в неделю","Да","Нет","Часто","3 часа и более"
"2021/05/18 4:52:55 PM GMT+3","Мужской","14 лет","Вполне достаточно","Регулярное посещение врача с целью профилактики","Считаю, что это необходимо","недостаток времени","Отличное","Ежемесячно","Занимаюсь спортом","Нет","Нет","Ухудшают","Да","Занимаюсь регулярно (2-3 раза в неделю)","Да","Каждый день","Да","Нет","Не часто","До 1 часа"
"2021/05/18 4:54:21 PM GMT+3","Мужской","13 лет","Недостаточно","Интерес к информации о здоровом образе жизни","Эта проблема меня не волнует","отсутствие необходимого упорства, воли, настойчивости","Плохое","Редко","Гуляю с другом","Нет","Нет","Улучшают","Иногда","Иногда","Да","Каждый день","Нет","Время от времени","Часто","3 часа и более"